<?xml version="1.0" encoding="UTF-8"?>
<assembly>
  <id>all</id>
  <formats>
    <format>tar.gz</format>
    <format>tar.bz2</format>
    <format>zip</format>
  </formats>
  <fileSets>
    <!-- Source Code -->
    <fileSet>
      <includes>
        <include>**/README*</include>
        <include>**/LICENSE*</include>
        <include>**/NOTICE*</include>
        <include>**/*.txt</include>
        <include>**/*.xml</include>
        <include>**/src/**</include>
        <include>**/lib/**</include> <!-- 3rd party libs -->
      </includes>
      <excludes>
        <exclude>**/target/**</exclude>
        <exclude>**/.*/**</exclude>
      </excludes>
    </fileSet>

    <!-- Reports -->
    <fileSet>
      <directory>target/site</directory>
      <outputDirectory>docs</outputDirectory>
      <includes>
        <include>apidocs*/**</include>
        <include>xref*/**</include>
      </includes>
    </fileSet>

    <!-- JARs -->
    <fileSet>
      <directory>core/target</directory>
      <outputDirectory></outputDirectory>
      <includes>
        <include>*.jar</include>
      </includes>
    </fileSet>
    <fileSet>
      <directory>filter-codec-netty/target</directory>
      <outputDirectory></outputDirectory>
      <includes>
        <include>*.jar</include>
      </includes>
    </fileSet>
    <fileSet>
      <directory>filter-compression/target</directory>
      <outputDirectory></outputDirectory>
      <includes>
        <include>*.jar</include>
      </includes>
    </fileSet>
    <fileSet>
      <directory>filter-ssl/target</directory>
      <outputDirectory></outputDirectory>
      <includes>
        <include>*.jar</include>
      </includes>
    </fileSet>     
	<fileSet>
      <directory>java5/target</directory>
      <outputDirectory></outputDirectory>
      <includes>
        <include>*.jar</include>
      </includes>
    </fileSet> 
    <fileSet>
      <directory>integration-spring/target</directory>
      <outputDirectory></outputDirectory>
      <includes>
        <include>*.jar</include>
      </includes>
    </fileSet>
    <fileSet>
      <directory>integration-jmx/target</directory>
      <outputDirectory></outputDirectory>
      <includes>
        <include>*.jar</include>
      </includes>
    </fileSet>
  </fileSets>
</assembly>

