<?xml version="1.0" encoding="UTF-8"?>
<!DOCTYPE beans PUBLIC "-//SPRING//DTD BEAN//EN" "http://www.springframework.org/dtd/spring-beans.dtd">
<beans>

  <!-- JMX stuff. Creates an MBeanServer. -->
  <bean id="mbeanServer" class="org.springframework.jmx.support.MBeanServerFactoryBean">
    <property name="locateExistingServerIfPossible" value="true"/>
  </bean>

  <!-- JMX stuff. Creates an MBeanServer. -->
  <bean id="exporter" class="org.springframework.jmx.export.MBeanExporter">
    <property name="beans">
      <map>
        <entry key="chatServer:name=ioHandler" value-ref="chatHandler"/>
      </map>
    </property>
    <property name="assembler">
      <bean class="org.springframework.jmx.export.assembler.MethodNameBasedMBeanInfoAssembler">
        <property name="managedMethods" value="isChatUser,getNumberOfUsers,kick"/>
      </bean>
    </property>
    <property name="server">
      <ref local="mbeanServer"/>
    </property>
  </bean>

</beans>
